1, 05.05.2019, блистательный индийский телевизор, мебель, 38705, 35, 1354675
2, 09.03.2012, изящный индийский стол, мебель, 16305, 72, 1173960
3, 14.03.2019, восхитительный русский диван, мебель, 34035, 12, 408420
4, 06.04.2022, блистательный китайский холодильник, мебель, 10699, 86, 920114
5, 24.10.2013, блистательный китайский телевизор, мебель, 16650, 49, 815850
6, 17.11.2022, изящный китайский стол, мебель, 28706, 40, 1148240
7, 09.11.2023, изящный русский пылесос, мебель, 26554, 36, 955944
8, 21.07.2011, блистательный русский пылесос, мебель, 40947, 64, 2620608
9, 08.10.2020, блистательный индийский пылесос, мебель, 42530, 87, 3700110
10, 05.09.2013, блистательный русский пылесос, мебель, 47902, 9, 431118
11, 08.01.2023, восхитительный индийский холодильник, мебель, 45749, 96, 4391904
12, 28.12.2022, блистательный китайский стол, мебель, 42283, 16, 676528
13, 24.10.2011, восхитительный китайский холодильник, мебель, 20498, 64, 1311872
14, 30.01.2024, изящный китайский холодильник, мебель, 24022, 82, 1969804
15, 25.08.2013, изящный китайский стол, мебель, 41194, 26, 1071044
16, 20.06.2014, блистательный китайский стол, мебель, 41792, 80, 3343360
17, 05.12.2013, блистательный русский пылесос, мебель, 42244, 63, 2661372
18, 07.11.2019, восхитительный русский стол, мебель, 37210, 37, 1376770
19, 17.09.2016, восхитительный китайский пылесос, мебель, 13505, 55, 742775
20, 13.05.2014, блистательный индийский холодильник, мебель, 32575, 59, 1921925
21, 19.02.2020, восхитительный русский стол, мебель, 10646, 47, 500362
22, 21.01.2010, восхитительный китайский холодильник, мебель, 49668, 7, 347676
23, 03.07.2014, изящный китайский холодильник, мебель, 21564, 27, 582228
24, 26.02.2010, изящный индийский телевизор, мебель, 14921, 45, 671445
25, 13.09.2020, блистательный индийский холодильник, мебель, 40189, 65, 2612285
26, 25.06.2018, изящный русский телевизор, мебель, 29148, 79, 2302692
27, 03.05.2018, блистательный русский пылесос, мебель, 28438, 15, 426570
28, 26.04.2022, изящный китайский стол, мебель, 29376, 16, 470016
29, 19.02.2019, изящный индийский стол, мебель, 34922, 15, 523830
30, 13.02.2019, восхитительный русский телевизор, мебель, 12787, 14, 179018
31, 20.03.2010, блистательный русский стол, мебель, 33242, 9, 299178
32, 21.10.2013, изящный индийский холодильник, мебель, 41844, 4, 167376
33, 06.08.2012, блистательный китайский пылесос, мебель, 16243, 88, 1429384
34, 22.02.2018, блистательный индийский телевизор, мебель, 31453, 11, 345983
35, 01.03.2015, изящный русский пылесос, мебель, 46688, 74, 3454912
36, 27.06.2018, изящный русский стол, мебель, 14527, 99, 1438173
37, 06.05.2024, изящный русский холодильник, мебель, 26296, 93, 2445528
38, 03.01.2015, восхитительный русский телевизор, мебель, 33886, 31, 1050466
39, 16.12.2017, изящный китайский пылесос, мебель, 24431, 84, 2052204
40, 09.04.2012, восхитительный индийский диван, мебель, 15949, 66, 1052634
41, 04.07.2018, блистательный русский стол, мебель, 26303, 74, 1946422
42, 19.03.2023, восхитительный индийский диван, мебель, 41603, 92, 3827476
43, 03.06.2012, блистательный китайский холодильник, мебель, 29408, 95, 2793760
44, 25.12.2014, изящный русский диван, мебель, 43247, 5, 216235
45, 13.08.2022, изящный индийский диван, мебель, 35532, 95, 3375540
46, 27.10.2023, восхитительный индийский диван, мебель, 18936, 26, 492336
47, 15.01.2014, восхитительный индийский пылесос, мебель, 44877, 67, 3006759
48, 14.09.2022, изящный русский холодильник, мебель, 34390, 43, 1478770
49, 12.07.2019, блистательный китайский телевизор, мебель, 25844, 14, 361816
50, 21.11.2020, блистательный индийский стол, мебель, 29911, 85, 2542435
